state_id,county_name,county_fips,metro_name
SC,Abbeville,45001,
LA,Acadia,22001,
VA,Accomack,51001,
ID,Ada,16001,
IA,Adair,19001,
KY,Adair,21001,
MO,Adair,29001,
OK,Adair,40001,
CO,Adams,8001,Denver
IA,Adams,19003,
ID,Adams,16003,
IL,Adams,17001,
IN,Adams,18001,
MS,Adams,28001,
ND,Adams,38001,
NE,Adams,31001,
OH,Adams,39001,
PA,Adams,42001,
WA,Adams,53001,
WI,Adams,55001,
VT,Addison,50001,
PR,Adjuntas,72001,
PR,Aguada,72003,
PR,Aguadilla,72005,
PR,Aguas Buenas,72007,
PR,Aibonito,72009,
SC,Aiken,45003,
MN,Aitkin,27001,
FL,Alachua,12001,
NC,Alamance,37001,
CA,Alameda,6001,SF Bay Area
CO,Alamosa,8003,
NY,Albany,36001,Albany
WY,Albany,56001,
VA,Albemarle,51003,
MI,Alcona,26001,
MS,Alcorn,28003,
AK,Aleutians East,2013,
AK,Aleutians West,2016,
IL,Alexander,17003,
NC,Alexander,37003,
VA,Alexandria (city),51510,Washington DC
OK,Alfalfa,40003,
MI,Alger,26003,
IA,Allamakee,19005,
MI,Allegan,26005,
MD,Allegany,24001,
NY,Allegany,36003,
VA,Alleghany,51005,
NC,Alleghany,37005,
PA,Allegheny,42003,Pittsburgh
IN,Allen,18003,
KS,Allen,20001,
KY,Allen,21003,
LA,Allen,22003,
OH,Allen,39003,
SC,Allendale,45005,
MI,Alpena,26007,
CA,Alpine,6003,
CA,Amador,6005,
VA,Amelia,51007,
VA,Amherst,51009,
MS,Amite,28005,
PR,Anasco,72011,
AK,Anchorage,2020,Anchorage
KS,Anderson,20003,
KY,Anderson,21005,
SC,Anderson,45007,
TN,Anderson,47001,
TX,Anderson,48001,
MO,Andrew,29003,
TX,Andrews,48003,
ME,Androscoggin,23001,
TX,Angelina,48005,
MD,Anne Arundel,24003,Baltimore
MN,Anoka,27003,Minneapolis-St.Paul
NC,Anson,37007,
NE,Antelope,31003,
MI,Antrim,26009,
AZ,Apache,4001,
IA,Appanoose,19007,
GA,Appling,13001,
VA,Appomattox,51011,
TX,Aransas,48007,
CO,Arapahoe,8005,Denver
TX,Archer,48009,
CO,Archuleta,8007,
PR,Arecibo,72013,
MI,Arenac,26011,
AR,Arkansas,5001,
VA,Arlington,51013,Washington DC
PA,Armstrong,42005,
TX,Armstrong,48011,
ME,Aroostook,23003,
PR,Arroyo,72015,
NE,Arthur,31005,
LA,Ascension,22005,
NC,Ashe,37009,
OH,Ashland,39005,
WI,Ashland,55003,
AR,Ashley,5003,
OH,Ashtabula,39007,
WA,Asotin,53003,
LA,Assumption,22007,
TX,Atascosa,48013,
KS,Atchison,20005,
MO,Atchison,29005,
OH,Athens,39009,
GA,Atkinson,13003,
NJ,Atlantic,34001,
OK,Atoka,40005,
MS,Attala,28007,
MO,Audrain,29007,
IA,Audubon,19009,
OH,Auglaize,39011,
VA,Augusta,51015,
SD,Aurora,46003,
TX,Austin,48015,
AL,Autauga,1001,
NC,Avery,37011,
LA,Avoyelles,22009,
CO,Baca,8009,
GA,Bacon,13005,
TX,Bailey,48017,
FL,Baker,12003,
GA,Baker,13007,
OR,Baker,41001,
AL,Baldwin,1003,
GA,Baldwin,13009,
KY,Ballard,21007,
MD,Baltimore,24005,Baltimore
MD,Baltimore (city),24510,Baltimore
SC,Bamberg,45009,
TX,Bandera,48019,
GA,Banks,13011,
NE,Banner,31007,
ID,Bannock,16005,
MI,Baraga,26013,
KS,Barber,20007,
AL,Barbour,1005,
WV,Barbour,54001,
PR,Barceloneta,72017,
ND,Barnes,38003,
MA,Barnstable,25001,
SC,Barnwell,45011,
PR,Barranquitas,72019,
KY,Barren,21009,
WI,Barron,55005,
GA,Barrow,13013,
MI,Barry,26015,
MO,Barry,29009,
IN,Bartholomew,18005,
KS,Barton,20009,
MO,Barton,29011,
GA,Bartow,13015,
TX,Bastrop,48021,
MO,Bates,29013,
KY,Bath,21011,
VA,Bath,51017,
AR,Baxter,5005,
FL,Bay,12005,
MI,Bay,26017,
PR,Bayamon,72021,
WI,Bayfield,55007,
TX,Baylor,48023,
SD,Beadle,46005,
ID,Bear Lake,16007,
NC,Beaufort,37013,
SC,Beaufort,45013,
LA,Beauregard,22011,
OK,Beaver,40007,
PA,Beaver,42007,
UT,Beaver,49001,
MT,Beaverhead,30001,
MN,Becker,27005,
OK,Beckham,40009,
VA,Bedford,51019,
PA,Bedford,42009,
TN,Bedford,47003,
VA,Bedford (city),51515,
TX,Bee,48025,
NH,Belknap,33001,
KY,Bell,21013,
TX,Bell,48027,
OH,Belmont,39013,
MN,Beltrami,27007,
GA,Ben Hill,13017,
ID,Benewah,16009,
SD,Bennett,46007,
VT,Bennington,50003,
ND,Benson,38005,
CO,Bent,8011,
AR,Benton,5007,
IA,Benton,19011,
IN,Benton,18007,
MN,Benton,27009,
MO,Benton,29015,
MS,Benton,28009,
OR,Benton,41003,
TN,Benton,47005,
WA,Benton,53005,
MI,Benzie,26019,
NJ,Bergen,34003,New York-Newark
SC,Berkeley,45015,
WV,Berkeley,54003,
PA,Berks,42011,
MA,Berkshire,25003,
NM,Bernalillo,35001,Albuquerque
GA,Berrien,13019,
MI,Berrien,26021,
NC,Bertie,37015,
AK,Bethel,2050,
TX,Bexar,48029,
AL,Bibb,1007,
GA,Bibb,13021,
LA,Bienville,22013,
MT,Big Horn,30003,
WY,Big Horn,56003,
MN,Big Stone,27011,
ND,Billings,38007,
ID,Bingham,16011,
IA,Black Hawk,19013,
IN,Blackford,18009,
NC,Bladen,37017,
ID,Blaine,16013,
MT,Blaine,30005,
NE,Blaine,31009,
OK,Blaine,40011,
PA,Blair,42013,
TX,Blanco,48031,
VA,Bland,51021,
GA,Bleckley,13023,
TN,Bledsoe,47007,
AL,Blount,1009,
TN,Blount,47009,
MN,Blue Earth,27013,
ID,Boise,16015,
MS,Bolivar,28011,
MO,Bollinger,29017,
SD,Bon Homme,46009,
IL,Bond,17005,
ID,Bonner,16017,
ID,Bonneville,16019,
AR,Boone,5009,
IA,Boone,19015,
IL,Boone,17007,
IN,Boone,18011,Indianapolis
KY,Boone,21015,Cincinnati
MO,Boone,29019,
NE,Boone,31011,
WV,Boone,54005,
TX,Borden,48033,
TX,Bosque,48035,
LA,Bossier,22015,
VA,Botetourt,51023,
ND,Bottineau,38009,
CO,Boulder,8013,Denver
ID,Boundary,16021,
KS,Bourbon,20011,
KY,Bourbon,21017,
TX,Bowie,48037,
ND,Bowman,38011,
NE,Box Butte,31013,
UT,Box Elder,49003,
KY,Boyd,21019,
NE,Boyd,31015,
KY,Boyle,21021,
KY,Bracken,21023,
FL,Bradford,12007,
PA,Bradford,42015,
AR,Bradley,5011,
TN,Bradley,47011,
MI,Branch,26023,
GA,Brantley,13025,
WV,Braxton,54007,
TX,Brazoria,48039,Houston
TX,Brazos,48041,
KY,Breathitt,21025,
KY,Breckinridge,21027,
IA,Bremer,19017,
FL,Brevard,12009,
TX,Brewster,48043,
TX,Briscoe,48045,
MA,Bristol,25005,
RI,Bristol,44001,
VA,Bristol (city),51520,
AK,Bristol Bay,2060,
MT,Broadwater,30007,
NY,Bronx,36005,New York-Newark
WV,Brooke,54009,
SD,Brookings,46011,
GA,Brooks,13027,
TX,Brooks,48047,
NY,Broome,36007,
CO,Broomfield,8014,Denver
FL,Broward,12011,Miami
IL,Brown,17009,
IN,Brown,18013,
KS,Brown,20013,
MN,Brown,27015,
NE,Brown,31017,
OH,Brown,39015,
SD,Brown,46013,
TX,Brown,48049,
WI,Brown,55009,
SD,Brule,46015,
VA,Brunswick,51025,
NC,Brunswick,37019,
GA,Bryan,13029,
OK,Bryan,40013,
IA,Buchanan,19019,
VA,Buchanan,51027,
MO,Buchanan,29021,
VA,Buckingham,51029,
PA,Bucks,42017,
IA,Buena Vista,19021,
VA,Buena Vista (city),51530,
NE,Buffalo,31019,
SD,Buffalo,46017,
WI,Buffalo,55011,
KY,Bullitt,21029,
GA,Bulloch,13031,
AL,Bullock,1011,
NC,Buncombe,37021,
IL,Bureau,17011,
GA,Burke,13033,
NC,Burke,37023,
ND,Burke,38013,
ND,Burleigh,38015,
TX,Burleson,48051,
NJ,Burlington,34005,
TX,Burnet,48053,
WI,Burnett,55013,
NE,Burt,31021,
AL,Butler,1013,
IA,Butler,19023,
KS,Butler,20015,
KY,Butler,21031,
MO,Butler,29023,
NE,Butler,31023,
OH,Butler,39017,
PA,Butler,42019,
CA,Butte,6007,
ID,Butte,16023,
SD,Butte,46019,
GA,Butts,13035,
NC,Cabarrus,37025,Charlotte
WV,Cabell,54011,
PR,Cabo Rojo,72023,
UT,Cache,49005,
LA,Caddo,22017,
OK,Caddo,40015,
PR,Caguas,72025,
CA,Calaveras,6009,
LA,Calcasieu,22019,
KY,Caldwell,21033,
LA,Caldwell,22021,
MO,Caldwell,29025,
NC,Caldwell,37027,
TX,Caldwell,48055,
VT,Caledonia,50005,
AL,Calhoun,1015,
AR,Calhoun,5013,
FL,Calhoun,12013,
GA,Calhoun,13037,
IA,Calhoun,19025,
IL,Calhoun,17013,
MI,Calhoun,26025,
MS,Calhoun,28013,
SC,Calhoun,45017,
TX,Calhoun,48057,
WV,Calhoun,54013,
TX,Callahan,48059,
MO,Callaway,29027,
KY,Calloway,21035,
WI,Calumet,55015,
MD,Calvert,24009,
ID,Camas,16025,
PA,Cambria,42021,
GA,Camden,13039,
MO,Camden,29029,
NC,Camden,37029,
NJ,Camden,34007,Philadelphia
LA,Cameron,22023,
PA,Cameron,42023,
TX,Cameron,48061,
TX,Camp,48063,
KY,Campbell,21037,Cincinnati
SD,Campbell,46021,
TN,Campbell,47013,
VA,Campbell,51031,
WY,Campbell,56005,
PR,Camuy,72027,
OK,Canadian,40017,
GA,Candler,13043,
TN,Cannon,47015,
PR,Canovanas,72029,
ID,Canyon,16027,
MO,Cape Girardeau,29031,
NJ,Cape May,34009,
MT,Carbon,30009,
MT,Carbon,2009,
PA,Carbon,42025,
UT,Carbon,49007,
WY,Carbon,56007,
ID,Caribou,16029,
KY,Carlisle,21039,
MN,Carlton,27017,
PR,Carolina,72031,
MD,Caroline,24011,
VA,Caroline,51033,
AR,Carroll,5015,
GA,Carroll,13045,
IA,Carroll,19027,
IL,Carroll,17015,
IN,Carroll,18015,
KY,Carroll,21041,
MO,Carroll,29033,
MS,Carroll,28015,
NH,Carroll,33003,
OH,Carroll,39019,
TN,Carroll,47017,
MD,Carroll,24013,
VA,Carroll,51035,
TX,Carson,48065,
NV,Carson City (city),32510,
KY,Carter,21043,
MO,Carter,29035,
MT,Carter,30011,
OK,Carter,40019,
TN,Carter,47019,
NC,Carteret,37031,
MN,Carver,27019,
MT,Cascade,30013,
KY,Casey,21045,
IA,Cass,19029,
IL,Cass,17017,
IN,Cass,18017,
MI,Cass,26027,
MN,Cass,27021,
MO,Cass,29037,
ND,Cass,38017,
NE,Cass,31025,
TX,Cass,48067,
ID,Cassia,16031,
TX,Castro,48069,
NC,Caswell,37033,
LA,Catahoula,22025,
PR,Catano,72033,
NC,Catawba,37035,
GA,Catoosa,13047,
NM,Catron,35003,
NY,Cattaraugus,36009,
ND,Cavalier,38019,
PR,Cayey,72035,
NY,Cayuga,36011,
MD,Cecil,24015,
IA,Cedar,19031,
MO,Cedar,29039,
NE,Cedar,31027,
PR,Ceiba,72037,
PA,Centre,42027,
IA,Cerro Gordo,19033,
CO,Chaffee,8015,
AL,Chambers,1017,
TX,Chambers,48071,
IL,Champaign,17019,
OH,Champaign,39021,
MO,Chariton,29041,
MD,Charles,24017,
VA,Charles City,51036,
SD,Charles Mix,46023,
SC,Charleston,45019,Charleston
MI,Charlevoix,26029,
FL,Charlotte,12015,
VA,Charlotte,51037,
VA,Charlottesville (city),51540,
GA,Charlton,13049,
KS,Chase,20017,
NE,Chase,31029,
GA,Chatham,13051,Savannah
NC,Chatham,37037,
GA,Chattahoochee,13053,
GA,Chattooga,13055,
KS,Chautauqua,20019,
NY,Chautauqua,36013,
NM,Chaves,35005,
TN,Cheatham,47021,
MI,Cheboygan,26031,
WA,Chelan,53007,
NY,Chemung,36015,
NY,Chenango,36017,
AL,Cherokee,1019,
GA,Cherokee,13057,
IA,Cherokee,19035,
KS,Cherokee,20021,
NC,Cherokee,37039,
SC,Cherokee,45021,
OK,Cherokee,40021,
TX,Cherokee,48073,
NE,Cherry,31031,
VA,Chesapeake (city),51550,Norfolk-Virginia Beach
NH,Cheshire,33005,
SC,Chester,45023,
PA,Chester,42029,
TN,Chester,47023,
SC,Chesterfield,45025,
VA,Chesterfield,51041,
CO,Cheyenne,8017,
KS,Cheyenne,20023,
NE,Cheyenne,31033,
IA,Chickasaw,19037,
MS,Chickasaw,28017,
AR,Chicot,5017,
TX,Childress,48075,
AL,Chilton,1021,
MI,Chippewa,26033,
MN,Chippewa,27023,
WI,Chippewa,55017,
MN,Chisago,27025,
VT,Chittenden,50007,
AL,Choctaw,1023,
MS,Choctaw,28019,
OK,Choctaw,40023,
MT,Chouteau,30015,
NC,Chowan,37041,
IL,Christian,17021,
KY,Christian,21047,
MO,Christian,29043,
NV,Churchill,32001,
PR,Ciales,72039,
NM,Cibola,35006,
PR,Cidra,72041,
OK,Cimarron,40025,
FL,Citrus,12017,
OR,Clackamas,41005,
LA,Claiborne,22027,
MS,Claiborne,28021,
TN,Claiborne,47025,
WA,Clallam,53009,
MI,Clare,26035,
SC,Clarendon,45027,
PA,Clarion,42031,
AR,Clark,5019,
ID,Clark,16033,
IL,Clark,17023,
IN,Clark,18019,
KS,Clark,20025,
KY,Clark,21049,
MO,Clark,29045,
NV,Clark,32003,Las Vegas
OH,Clark,39023,
SD,Clark,46025,
WA,Clark,53011,
WI,Clark,55019,
AL,Clarke,1025,
GA,Clarke,13059,
IA,Clarke,19039,
MS,Clarke,28023,
VA,Clarke,51043,
OR,Clatsop,41007,
AL,Clay,1027,
AR,Clay,5021,
FL,Clay,12019,
GA,Clay,13061,
IA,Clay,19041,
IL,Clay,17025,
IN,Clay,18021,
KS,Clay,20027,
KY,Clay,21051,
MN,Clay,27027,
MO,Clay,29047,
MS,Clay,28025,
NC,Clay,37043,
NE,Clay,31035,
SD,Clay,46027,
TN,Clay,47027,
TX,Clay,48077,
WV,Clay,54015,
GA,Clayton,13063,Atlanta
IA,Clayton,19043,
CO,Clear Creek,8019,
PA,Clearfield,42033,
ID,Clearwater,16035,
MN,Clearwater,27029,
AL,Cleburne,1029,
AR,Cleburne,5023,
OH,Clermont,39025,
AR,Cleveland,5025,
NC,Cleveland,37045,
OK,Cleveland,40027,
GA,Clinch,13065,
IA,Clinton,19045,
IL,Clinton,17027,
IN,Clinton,18023,
KY,Clinton,21053,
MI,Clinton,26037,Lansing
MO,Clinton,29049,
NY,Clinton,36019,
OH,Clinton,39027,
PA,Clinton,42035,
KS,Cloud,20029,
MS,Coahoma,28027,
OK,Coal,40029,
PR,Coamo,72043,
GA,Cobb,13067,Atlanta
AZ,Cochise,4003,
TX,Cochran,48079,
TN,Cocke,47029,
AZ,Coconino,4005,
SD,Codington,46029,
AL,Coffee,1031,
GA,Coffee,13069,
TN,Coffee,47031,
KS,Coffey,20031,
TX,Coke,48081,
AL,Colbert,1033,
MO,Cole,29051,
TX,Coleman,48083,
IL,Coles,17029,
NE,Colfax,31037,
NM,Colfax,35007,
SC,Colleton,45029,
FL,Collier,12021,
TX,Collin,48085,Dallas
TX,Collingsworth,48087,
VA,Colonial Heights (city),51570,
TX,Colorado,48089,
GA,Colquitt,13071,
AR,Columbia,5027,
FL,Columbia,12023,
GA,Columbia,13073,
NY,Columbia,36021,
OR,Columbia,41009,
PA,Columbia,42037,
WA,Columbia,53013,
WI,Columbia,55021,
OH,Columbiana,39029,
NC,Columbus,37047,
CA,Colusa,6011,
TX,Comal,48091,
KS,Comanche,20033,
OK,Comanche,40031,
TX,Comanche,48093,
PR,Comerio,72045,
TX,Concho,48095,
LA,Concordia,22029,
AL,Conecuh,1035,
CO,Conejos,8021,
CA,Contra Costa,6013,
WY,Converse,56009,
AR,Conway,5029,
GA,Cook,13075,
IL,Cook,17031,Chicago
MN,Cook,27031,
TX,Cooke,48097,
MO,Cooper,29053,
NH,Coos,33007,
OR,Coos,41011,
AL,Coosa,1037,
MS,Copiah,28029,
PR,Corozal,72047,
SD,Corson,46031,
NY,Cortland,36023,
TX,Coryell,48099,
OH,Coshocton,39031,
CO,Costilla,8023,
TX,Cottle,48101,
OK,Cotton,40033,
MN,Cottonwood,27033,
AL,Covington,1039,
MS,Covington,28031,
VA,Covington (city),51580,
GA,Coweta,13077,
KS,Cowley,20035,
WA,Cowlitz,53015,
OK,Craig,40035,
VA,Craig,51045,
AR,Craighead,5031,
TX,Crane,48103,
NC,Craven,37049,
AR,Crawford,5033,
GA,Crawford,13079,
IA,Crawford,19047,
IL,Crawford,17033,
IN,Crawford,18025,
KS,Crawford,20037,
MI,Crawford,26039,
MO,Crawford,29055,
OH,Crawford,39033,
PA,Crawford,42039,
WI,Crawford,55023,
OK,Creek,40037,
AL,Crenshaw,1041,
GA,Crisp,13081,
AR,Crittenden,5035,
KY,Crittenden,21055,
TN,Crockett,47033,
TX,Crockett,48105,
OR,Crook,41013,
WY,Crook,56011,
TX,Crosby,48107,
AR,Cross,5037,
MN,Crow Wing,27035,
CO,Crowley,8025,
TX,Culberson,48109,
PR,Culebra,72049,
AL,Cullman,1043,
VA,Culpeper,51047,
IL,Cumberland,17035,
KY,Cumberland,21057,
ME,Cumberland,23005,
NC,Cumberland,37051,
NJ,Cumberland,34011,
PA,Cumberland,42041,
TN,Cumberland,47035,
VA,Cumberland,51049,
NE,Cuming,31039,
NC,Currituck,37053,
NM,Curry,35009,
OR,Curry,41015,
CO,Custer,8027,
ID,Custer,16037,
MT,Custer,30017,
NE,Custer,31041,
OK,Custer,40039,
SD,Custer,46033,
OH,Cuyahoga,39035,Cleveland
GA,Dade,13083,
MO,Dade,29057,
UT,Daggett,49009,
MN,Dakota,27037,Minneapolis-St.Paul
NE,Dakota,31043,
AL,Dale,1045,
TX,Dallam,48111,
AL,Dallas,1047,
AR,Dallas,5039,
IA,Dallas,19049,
MO,Dallas,29059,
TX,Dallas,48113,Dallas
WI,Dane,55025,
MT,Daniels,30019,
VA,Danville (city),51590,
NC,Dare,37055,
OH,Darke,39037,
SC,Darlington,45031,
PA,Dauphin,42043,
NC,Davidson,37057,
TN,Davidson,47037,Nashville
NC,Davie,37059,
IN,Daviess,18027,
KY,Daviess,21059,
MO,Daviess,29061,
IA,Davis,19051,
UT,Davis,49011,
SD,Davison,46035,
NE,Dawes,31045,
GA,Dawson,13085,
MT,Dawson,30021,
NE,Dawson,31047,
TX,Dawson,48115,
SD,Day,46037,
LA,De Soto,22031,
IL,De Witt,17039,
TX,Deaf Smith,48117,
IN,Dearborn,18029,
NM,DeBaca,35011,
GA,Decatur,13087,
IA,Decatur,19053,
IN,Decatur,18031,
KS,Decatur,20039,
TN,Decatur,47039,
MT,Deer Lodge,30023,
OH,Defiance,39039,
AL,DeKalb,1049,
GA,DeKalb,13089,Atlanta
IL,DeKalb,17037,
IN,DeKalb,18033,
MO,DeKalb,29063,
TN,DeKalb,47041,
CA,Del Norte,6015,
IA,Delaware,19055,
IN,Delaware,18035,
NY,Delaware,36025,
OH,Delaware,39041,
OK,Delaware,40041,
PA,Delaware,42045,
CO,Delta,8029,
MI,Delta,26041,
TX,Delta,48119,
AK,Denali,2068,
MO,Dent,29065,
TX,Denton,48121,Dallas
CO,Denver,8031,Denver
IA,Des Moines,19057,
OR,Deschutes,41017,
AR,Desha,5041,
FL,DeSoto,12027,
MS,DeSoto,28033,
NE,Deuel,31049,
SD,Deuel,46039,
OK,Dewey,40043,
SD,Dewey,46041,
TX,DeWitt,48123,
TX,Dickens,48125,
VA,Dickenson,51051,
ND,Dickey,38021,
IA,Dickinson,19059,
KS,Dickinson,20041,
MI,Dickinson,26043,
TN,Dickson,47043,
AK,Dillingham,2070,
SC,Dillon,45033,
TX,Dimmit,48127,
VA,Dinwiddie,51053,
DC,District of Columbia,11001,Washington DC
ND,Divide,38023,
FL,Dixie,12029,
NE,Dixon,31051,
WV,Doddridge,54017,
GA,Dodge,13091,
MN,Dodge,27039,
NE,Dodge,31053,
WI,Dodge,55027,
CO,Dolores,8033,
NM,Dona Ana,35013,
KS,Doniphan,20043,
TX,Donley,48129,
GA,Dooly,13093,
WI,Door,55029,
PR,Dorado,72051,
SC,Dorchester,45035,
MD,Dorchester,24019,
GA,Dougherty,13095,
CO,Douglas,8035,
GA,Douglas,13097,
IL,Douglas,17041,
KS,Douglas,20045,
MN,Douglas,27041,
MO,Douglas,29067,
NE,Douglas,31055,
NV,Douglas,32005,
OR,Douglas,41019,
SD,Douglas,46043,
WA,Douglas,53017,
WI,Douglas,55031,
CO,Doyleville,8051,
AR,Drew,5043,
IN,Dubois,18037,
IA,Dubuque,19061,
UT,Duchesne,49013,
MA,Dukes,25007,
NE,Dundy,31057,
MO,Dunklin,29069,
ND,Dunn,38025,
WI,Dunn,55033,
IL,DuPage,17043,Chicago
NC,Duplin,37061,
NC,Durham,37063,Raleigh-Durham
NY,Dutchess,36027,
FL,Duval,12031,Jacksonville
TX,Duval,48131,
TN,Dyer,47045,
CO,Eagle,8037,
GA,Early,13099,
LA,East Baton Rouge,22033,Baton Rouge
LA,East Carroll,22035,
LA,East Feliciana,22037,
TX,Eastland,48133,
MI,Eaton,26045,Lansing
WI,Eau Claire,55035,
GA,Echols,13101,
TX,Ector,48135,
ND,Eddy,38027,
NM,Eddy,35015,
IL,Edgar,17045,
NC,Edgecombe,37065,
SC,Edgefield,45037,
KY,Edmonson,21061,
SD,Edmunds,46045,
IL,Edwards,17047,
KS,Edwards,20047,
TX,Edwards,48137,
GA,Effingham,13103,
IL,Effingham,17049,
CA,El Dorado,6017,
CO,El Paso,8041,
TX,El Paso,48141,
CO,Elbert,8039,
GA,Elbert,13105,
KS,Elk,20049,
PA,Elk,42047,
IN,Elkhart,18039,
NV,Elko,32007,
KY,Elliott,21063,
KS,Ellis,20051,
OK,Ellis,40045,
TX,Ellis,48139,
KS,Ellsworth,20053,
AL,Elmore,1051,
ID,Elmore,16039,
GA,Emanuel,13107,
UT,Emery,49015,
IA,Emmet,19063,
MI,Emmet,26047,
ND,Emmons,38029,
VA,Emporia (city),51595,
TX,Erath,48143,
NY,Erie,36029,Buffalo
OH,Erie,39043,
PA,Erie,42049,
AL,Escambia,1053,
FL,Escambia,12033,
NV,Esmeralda,32009,
MA,Essex,25009,Boston
NJ,Essex,34013,New York-Newark
NY,Essex,36031,
VA,Essex,51057,
VT,Essex,50009,
KY,Estill,21065,
AL,Etowah,1055,
NV,Eureka,32011,
LA,Evangeline,22039,
GA,Evans,13109,
AK,Fairbanks North Star,2090,
VA,Fairfax,51059,Washington DC
VA,Fairfax,51610,Washington DC
VA,Fairfax (city),51600,Washington DC
CT,Fairfield,9001,Bridgeport-Stamford
SC,Fairfield,45039,
OH,Fairfield,39045,
PR,Fajardo,72053,
SD,Fall River,46047,
MT,Fallon,30025,
TX,Falls,48145,
VA,Falls Church (city),51610,
GA,Fannin,13111,
TX,Fannin,48147,
MN,Faribault,27043,
SD,Faulk,46049,
AR,Faulkner,5045,
VA,Fauquier,51061,
AL,Fayette,1057,
GA,Fayette,13113,
IA,Fayette,19065,
IL,Fayette,17051,
IN,Fayette,18041,
KY,Fayette,21067,Lexington
OH,Fayette,39047,
PA,Fayette,42051,
TN,Fayette,47047,
TX,Fayette,48149,
WV,Fayette,54019,
TN,Fentress,47049,
MT,Fergus,30027,
WA,Ferry,53019,
MN,Fillmore,27045,
NE,Fillmore,31059,
KS,Finney,20055,
TX,Fisher,48151,
FL,Flagler,12035,
MT,Flathead,30029,
KY,Fleming,21069,
SC,Florence,45041,
WI,Florence,55037,
PR,Florida,72054,
GA,Floyd,13115,
IA,Floyd,19067,
IN,Floyd,18043,
KY,Floyd,21071,
TX,Floyd,48153,
VA,Floyd,51063,
VA,Fluvanna,51065,
TX,Foard,48155,
WI,Fond du Lac,55039,
IL,Ford,17053,
KS,Ford,20057,
PA,Forest,42053,
WI,Forest,55041,
MS,Forrest,28035,
GA,Forsyth,13117,
NC,Forsyth,37067,Greensboro
TX,Fort Bend,48157,Houston
ND,Foster,38031,
IN,Fountain,18045,
AL,Franklin,1059,
AR,Franklin,5047,
FL,Franklin,12037,
GA,Franklin,13119,
IA,Franklin,19069,
ID,Franklin,16041,
IL,Franklin,17055,
IN,Franklin,18047,
KS,Franklin,20059,
KY,Franklin,21073,
LA,Franklin,22041,
MA,Franklin,25011,
ME,Franklin,23007,
MO,Franklin,29071,
MS,Franklin,28037,
NC,Franklin,37069,
NE,Franklin,31061,
NY,Franklin,36033,
OH,Franklin,39049,
PA,Franklin,42055,
TN,Franklin,47051,
TX,Franklin,48159,
VA,Franklin,51067,
VT,Franklin,50011,
WA,Franklin,53021,
VA,Franklin (city),51620,
MD,Frederick,24021,
VA,Frederick,51069,
VA,Fredericksburg (city),51630,
MN,Freeborn,27047,
TX,Freestone,48161,
CO,Fremont,8043,
IA,Fremont,19071,
ID,Fremont,16043,
WY,Fremont,56013,
CA,Fresno,6019,
TX,Frio,48163,
NE,Frontier,31063,
AR,Fulton,5049,
GA,Fulton,13121,Atlanta
IL,Fulton,17057,
IN,Fulton,18049,
KY,Fulton,21075,
NY,Fulton,36035,
OH,Fulton,39051,
PA,Fulton,42057,
NE,Furnas,31065,
FL,Gadsden,12039,
NE,Gage,31067,
TX,Gaines,48165,
VA,Galax (city),51640,
IL,Gallatin,17059,
KY,Gallatin,21077,
MT,Gallatin,30031,
OH,Gallia,39053,
TX,Galveston,48167,Houston
NE,Garden,31069,
CO,Garfield,8045,
MT,Garfield,30033,
NE,Garfield,31071,
OK,Garfield,40047,
UT,Garfield,49017,
WA,Garfield,53023,
AR,Garland,5051,
KY,Garrard,21079,
MD,Garrett,24023,
OK,Garvin,40049,
TX,Garza,48169,
MO,Gasconade,29073,
NC,Gaston,37071,
NC,Gates,37073,
KS,Geary,20061,
OH,Geauga,39055,
ID,Gem,16045,
MI,Genesee,26049,
NY,Genesee,36037,
AL,Geneva,1061,
MO,Gentry,29075,
MS,George,28039,
SC,Georgetown,45043,
IN,Gibson,18051,
TN,Gibson,47053,
AZ,Gila,4007,
FL,Gilchrist,12041,
TN,Giles,47055,
VA,Giles,51071,
TX,Gillespie,48171,
OR,Gilliam,41021,
GA,Gilmer,13123,
WV,Gilmer,54021,
CO,Gilpin,8047,
MT,Glacier,30035,
FL,Glades,12043,
MI,Gladwin,26051,
GA,Glascock,13125,
TX,Glasscock,48173,
CA,Glenn,6021,
NJ,Gloucester,34015,
VA,Gloucester,51073,
GA,Glynn,13127,
MI,Gogebic,26053,
MT,Golden Valley,30037,
ND,Golden Valley,38033,
TX,Goliad,48175,
TX,Gonzales,48177,
VA,Goochland,51075,
MN,Goodhue,27049,
ID,Gooding,16047,
GA,Gordon,13129,
WY,Goshen,56015,
NE,Gosper,31073,
KS,Gove,20063,
GA,Grady,13131,
OK,Grady,40051,
NH,Grafton,33009,
AZ,Graham,4009,
KS,Graham,20065,
NC,Graham,37075,
TN,Grainger,47057,
CO,Grand,8049,
UT,Grand,49019,
ND,Grand Forks,38035,
VT,Grand Isle,50013,
MI,Grand Traverse,26055,
MT,Granite,30039,
AR,Grant,5053,
IN,Grant,18053,
KS,Grant,20067,
KY,Grant,21081,
LA,Grant,22043,
MN,Grant,27051,
ND,Grant,38037,
NE,Grant,31075,
NM,Grant,35017,
OK,Grant,40053,
OR,Grant,41023,
SD,Grant,46051,
WA,Grant,53025,
WI,Grant,55043,
WV,Grant,54023,
NC,Granville,37077,
MI,Gratiot,26057,
KY,Graves,21083,
KS,Gray,20069,
TX,Gray,48179,
WA,Grays Harbor,53027,
KY,Grayson,21085,
TX,Grayson,48181,
VA,Grayson,51077,
KS,Greeley,20071,
NE,Greeley,31077,
KY,Green,21087,
WI,Green,55045,
WI,Green Lake,55047,
WV,Greenbrier,54025,
AL,Greene,1063,
AR,Greene,5055,
GA,Greene,13133,
IA,Greene,19073,
IL,Greene,17061,
IN,Greene,18055,
MO,Greene,29077,
MS,Greene,28041,
NC,Greene,37079,
NY,Greene,36039,
OH,Greene,39057,
PA,Greene,42059,
TN,Greene,47059,
VA,Greene,51079,
AZ,Greenlee,4011,
VA,Greensville,51081,
KY,Greenup,21089,
SC,Greenville,45045,
KS,Greenwood,20073,
SC,Greenwood,45047,
OK,Greer,40055,
TX,Gregg,48183,
SD,Gregory,46053,
MS,Grenada,28043,
ND,Griggs,38039,
TX,Grimes,48185,
IA,Grundy,19075,
IL,Grundy,17063,
MO,Grundy,29079,
TN,Grundy,47061,
NM,Guadalupe,35019,
TX,Guadalupe,48187,
PR,Guanica,72055,
PR,Guayama,72057,
PR,Guayanilla,72059,
PR,Guaynabo,72061,
OH,Guernsey,39059,
NC,Guilford,37081,Greensboro
FL,Gulf,12045,
CO,Gunnison,8051,
PR,Gurabo,72063,
IA,Guthrie,19077,
GA,Gwinnett,13135,Atlanta
SD,Haakon,46055,
GA,Habersham,13137,
AK,Haines,2100,
AL,Hale,1065,
TX,Hale,48189,
NC,Halifax,37083,
VA,Halifax,51083,
GA,Hall,13139,
NE,Hall,31079,
TX,Hall,48191,
TN,Hamblen,47063,
FL,Hamilton,12047,
IA,Hamilton,19079,
IL,Hamilton,17065,
IN,Hamilton,18057,Indianapolis
KS,Hamilton,20075,
NE,Hamilton,31081,
NY,Hamilton,36041,
OH,Hamilton,39061,Cincinnati
TN,Hamilton,47065,
TX,Hamilton,48193,
SD,Hamlin,46057,
MA,Hampden,25013,
MA,Hampshire,25015,
WV,Hampshire,54027,
SC,Hampton,45049,
VA,Hampton (city),51650,Norfolk-Virginia Beach
GA,Hancock,13141,
IA,Hancock,19081,
IL,Hancock,17067,
IN,Hancock,18059,Indianapolis
KY,Hancock,21091,
ME,Hancock,23009,
MS,Hancock,28045,
OH,Hancock,39063,
TN,Hancock,47067,
WV,Hancock,54029,
SD,Hand,46059,
VA,Hanover,51085,
TX,Hansford,48195,
SD,Hanson,46061,
GA,Haralson,13143,
FL,Hardee,12049,
TN,Hardeman,47069,
TX,Hardeman,48197,
IA,Hardin,19083,
IL,Hardin,17069,
KY,Hardin,21093,
OH,Hardin,39065,
TN,Hardin,47071,
TX,Hardin,48199,
NM,Harding,35021,
SD,Harding,46063,
WV,Hardy,54031,
MD,Harford,24025,
KY,Harlan,21095,
NE,Harlan,31083,
OK,Harmon,40057,
NC,Harnett,37085,
OR,Harney,41025,
KS,Harper,20077,
OK,Harper,40059,
GA,Harris,13145,
TX,Harris,48201,Houston
IA,Harrison,19085,
IN,Harrison,18061,
KY,Harrison,21097,
MO,Harrison,29081,
MS,Harrison,28047,
OH,Harrison,39067,
TX,Harrison,48203,
WV,Harrison,54033,
VA,Harrisonburg (city),51660,
GA,Hart,13147,
KY,Hart,21099,
CT,Hartford,9003,Hartford
TX,Hartley,48205,
KS,Harvey,20079,
KS,Haskell,20081,
OK,Haskell,40061,
TX,Haskell,48207,
PR,Hatillo,72065,
HI,Hawaii,15001,
TN,Hawkins,47073,
NE,Hayes,31085,
TX,Hays,48209,
NC,Haywood,37087,
TN,Haywood,47075,
GA,Heard,13149,
TX,Hemphill,48211,
AR,Hempstead,5057,
IL,Henderson,17071,
KY,Henderson,21101,
NC,Henderson,37089,
TN,Henderson,47077,
TX,Henderson,48213,
IN,Hendricks,18063,Indianapolis
FL,Hendry,12051,
MN,Hennepin,27053,Minneapolis-St.Paul
VA,Henrico,51087,
AL,Henry,1067,
GA,Henry,13151,
IA,Henry,19087,
IL,Henry,17073,
IN,Henry,18065,
KY,Henry,21103,
MO,Henry,29083,
OH,Henry,39069,
TN,Henry,47079,
VA,Henry,51089,
NY,Herkimer,36043,
FL,Hernando,12053,
NC,Hertford,37091,
ND,Hettinger,38041,
KY,Hickman,21105,
TN,Hickman,47081,
MO,Hickory,29085,
NM,Hidalgo,35023,
TX,Hidalgo,48215,
OH,Highland,39071,
VA,Highland,51091,
FL,Highlands,12055,
MT,Hill,30041,
TX,Hill,48217,
FL,Hillsborough,12057,Tampa
NH,Hillsborough,33011,
MI,Hillsdale,26059,
MS,Hinds,28049,
CO,Hinsdale,8053,
NE,Hitchcock,31087,
OH,Hocking,39073,
TX,Hockley,48219,
KS,Hodgeman,20083,
NC,Hoke,37093,
FL,Holmes,12059,
MS,Holmes,28051,
OH,Holmes,39075,
MO,Holt,29087,
NE,Holt,31089,
HI,Honolulu,15003,Honolulu
TX,Hood,48221,
OR,Hood River,41027,
NE,Hooker,31091,
AK,Hoonah-Angoon (CA),2105,
VA,Hopewell (city),51670,
KY,Hopkins,21107,
TX,Hopkins,48223,
PR,Hormigueros,72067,
SC,Horry,45051,
AR,Hot Spring,5059,
WY,Hot Springs,56017,
MI,Houghton,26061,
AL,Houston,1069,
GA,Houston,13153,
MN,Houston,27055,
TN,Houston,47083,
TX,Houston,48225,
AR,Howard,5061,
IA,Howard,19089,
IN,Howard,18067,
MO,Howard,29089,
NE,Howard,31093,
TX,Howard,48227,
MD,Howard,24027,
MO,Howell,29091,
MN,Hubbard,27057,
NJ,Hudson,34017,New York-Newark
TX,Hudspeth,48229,
CO,Huerfano,8055,
OK,Hughes,40063,
SD,Hughes,46065,
PR,Humacao,72069,
CA,Humboldt,6023,
IA,Humboldt,19091,
NV,Humboldt,32013,
MS,Humphreys,28053,
TN,Humphreys,47085,
TX,Hunt,48231,
NJ,Hunterdon,34019,
PA,Huntingdon,42061,
IN,Huntington,18069,
MI,Huron,26063,
OH,Huron,39077,
SD,Hutchinson,46067,
TX,Hutchinson,48233,
NC,Hyde,37095,
SD,Hyde,46069,
LA,Iberia,22045,
LA,Iberville,22047,
IA,Ida,19093,
ID,Idaho,16049,
CA,Imperial,6025,
AR,Independence,5063,
FL,Indian River,12061,
PA,Indiana,42063,
MI,Ingham,26065,Lansing
CA,Inyo,6027,
MI,Ionia,26067,
MI,Iosco,26069,
IA,Iowa,19095,
WI,Iowa,55049,
NC,Iredell,37097,
TX,Irion,48235,
MI,Iron,26071,
MO,Iron,29093,
UT,Iron,49021,
WI,Iron,55051,
IL,Iroquois,17075,
GA,Irwin,13155,
PR,Isabela,72071,
MI,Isabella,26073,
MN,Isanti,27059,
WA,Island,53029,
VA,Isle of Wight,51093,
MS,Issaquena,28055,
MN,Itasca,27061,
MS,Itawamba,28057,
AR,Izard,5065,
TX,Jack,48237,
AL,Jackson,1071,
AR,Jackson,5067,
CO,Jackson,8057,
FL,Jackson,12063,
GA,Jackson,13157,
IA,Jackson,19097,
IL,Jackson,17077,
IN,Jackson,18071,
KS,Jackson,20085,Kansas City
KY,Jackson,21109,
LA,Jackson,22049,
MI,Jackson,26075,
MN,Jackson,27063,
MO,Jackson,29095,
MS,Jackson,28059,
NC,Jackson,37099,
OH,Jackson,39079,
OK,Jackson,40065,
OR,Jackson,41029,
SD,Jackson,46071,
TN,Jackson,47087,
TX,Jackson,48239,
WI,Jackson,55053,
WV,Jackson,54035,
VA,James City,51095,
GA,Jasper,13159,
IA,Jasper,19099,
IL,Jasper,17079,
IN,Jasper,18073,
MO,Jasper,29097,
MS,Jasper,28061,
SC,Jasper,45053,
TX,Jasper,48241,
IN,Jay,18075,
PR,Jayuya,72073,
GA,Jeff Davis,13161,
TX,Jeff Davis,48243,
AL,Jefferson,1073,Birmingham
AR,Jefferson,5069,
CO,Jefferson,8059,Denver
FL,Jefferson,12065,
GA,Jefferson,13163,
IA,Jefferson,19101,
ID,Jefferson,16051,
IL,Jefferson,17081,
IN,Jefferson,18077,
KS,Jefferson,20087,
KY,Jefferson,21111,Louisville
LA,Jefferson,22051,New Orleans
MO,Jefferson,29099,
MS,Jefferson,28063,
MT,Jefferson,30043,
NE,Jefferson,31095,
NY,Jefferson,36045,
OH,Jefferson,39081,
OK,Jefferson,40067,
OR,Jefferson,41031,
PA,Jefferson,42065,
TN,Jefferson,47089,
TX,Jefferson,48245,
WA,Jefferson,53031,
WI,Jefferson,55055,
WV,Jefferson,54037,
LA,Jefferson Davis,22053,
MS,Jefferson Davis,28065,
GA,Jenkins,13165,
IN,Jennings,18079,
SD,Jerauld,46073,
ID,Jerome,16053,
IL,Jersey,17083,
KY,Jessamine,21113,
KS,Jewell,20089,
TX,Jim Hogg,48247,
TX,Jim Wells,48249,
IL,Jo Daviess,17085,
AR,Johnson,5071,
GA,Johnson,13167,
IA,Johnson,19103,
IL,Johnson,17087,
IN,Johnson,18081,Indianapolis
KS,Johnson,20091,Kansas City
KY,Johnson,21115,
MO,Johnson,29101,
NE,Johnson,31097,
TN,Johnson,47091,
TX,Johnson,48251,
WY,Johnson,56019,
NC,Johnston,37101,
OK,Johnston,40069,
GA,Jones,13169,
IA,Jones,19105,
MS,Jones,28067,
NC,Jones,37103,
SD,Jones,46075,
TX,Jones,48253,
OR,Josephine,41033,
UT,Juab,49023,
PR,Juana Diaz,72075,
MT,Judith Basin,30045,
PR,Juncos,72077,
WI,Juneau,55057,
AK,Juneau City and,2110,
PA,Juniata,42067,
MI,Kalamazoo,26077,
HI,Kalawao,15005,
MI,Kalkaska,26079,
MN,Kanabec,27065,
WV,Kanawha,54039,
MN,Kandiyohi,27067,
IL,Kane,17089,
UT,Kane,49025,
IL,Kankakee,17091,
TX,Karnes,48255,
HI,Kauai,15007,
TX,Kaufman,48257,
OK,Kay,40071,
NE,Kearney,31099,
KS,Kearny,20093,
NE,Keith,31101,
MS,Kemper,28069,
AK,Kenai Peninsula,2122,
IL,Kendall,17093,
TX,Kendall,48259,
TX,Kenedy,48261,
ME,Kennebec,23011,
WI,Kenosha,55059,
DE,Kent,10001,
MI,Kent,26081,Grand Rapids
RI,Kent,44003,
TX,Kent,48263,
MD,Kent,24029,
KY,Kenton,21117,Cincinnati
IA,Keokuk,19107,
CA,Kern,6029,
TX,Kerr,48265,
SC,Kershaw,45055,
AK,Ketchikan Gateway,2130,
WI,Kewaunee,55000,
WI,Kewaunee,55061,
MI,Keweenaw,26083,
NE,Keya Paha,31103,
ND,Kidder,38043,
NE,Kimball,31105,
TX,Kimble,48267,
TX,King,48269,
WA,King,53033,Seattle
VA,King and Queen,51097,
VA,King George,51099,
VA,King William,51101,
OK,Kingfisher,40073,
KS,Kingman,20095,
CA,Kings,6031,
NY,Kings County,36047,New York-Newark
SD,Kingsbury,46077,
TX,Kinney,48271,
CO,Kiowa,8061,
KS,Kiowa,20097,
OK,Kiowa,40075,
CO,Kit Carson,8063,
WA,Kitsap,53035,
WA,Kitsap,53000,
WA,Kittitas,53037,
MN,Kittson,27069,
OR,Klamath,41035,
TX,Kleberg,48273,
WA,Klickitat,53039,
KY,Knott,21119,
IL,Knox,17095,
IN,Knox,18083,
KY,Knox,21121,
ME,Knox,23013,
MO,Knox,29103,
NE,Knox,31107,
OH,Knox,39083,
TN,Knox,47093,
TX,Knox,48275,
AK,Kodiak Island,2150,
MN,Koochiching,27071,
ID,Kootenai,16055,
IN,Kosciusko,18085,
IA,Kossuth,19109,
WI,La Crosse,55063,
AZ,La Paz,4012,
CO,La Plata,8067,
IL,La Salle,17099,
LA,La Salle,22059,
TX,La Salle,48283,
KS,Labette,20099,
MN,Lac qui Parle,27073,
PA,Lackawanna,42069,
MO,Laclede,29105,
AR,Lafayette,5073,
FL,Lafayette,12067,
LA,Lafayette,22055,Lafayette
MO,Lafayette,29107,
MS,Lafayette,28071,
WI,Lafayette,55065,
LA,Lafourche,22057,
IN,LaGrange,18087,
PR,Lajas,72079,
CA,Lake,6033,
CO,Lake,8065,
FL,Lake,12069,
IL,Lake,17097,Chicago
IN,Lake,18089,Chicago
MI,Lake,26085,
MN,Lake,27075,
MT,Lake,30047,
OH,Lake,39085,
OR,Lake,41037,
SD,Lake,46079,
TN,Lake,47095,
AK,Lake and Peninsula,2164,
MN,Lake of the Woods,27077,
AL,Lamar,1075,
GA,Lamar,13171,
MS,Lamar,28073,
TX,Lamar,48277,
TX,Lamb,48279,
VT,Lamoille,50015,
ND,LaMoure,38045,
TX,Lampasas,48281,
SC,Lancaster,45057,
NE,Lancaster,31109,
PA,Lancaster,42071,
VA,Lancaster,51103,
NV,Lander,32015,
KS,Lane,20101,
OR,Lane,41039,
WI,Langlade,55067,
GA,Lanier,13173,
MI,Lapeer,26087,
IN,LaPorte,18091,
WY,Laramie,56021,
PR,Lares,72081,
CO,Larimer,8069,
KY,Larue,21123,
CO,Las Animas,8071,
PR,Las Marias,72083,
PR,Las Piedras,72085,
CA,Lassen,6035,
ID,Latah,16057,
OK,Latimer,40077,
AL,Lauderdale,1077,
MS,Lauderdale,28075,
TN,Lauderdale,47097,
KY,Laurel,21125,
GA,Laurens,13175,
SC,Laurens,45059,
TX,Lavaca,48285,
AL,Lawrence,1079,
AR,Lawrence,5075,
IL,Lawrence,17101,
IN,Lawrence,18093,
KY,Lawrence,21127,
MO,Lawrence,29109,
MS,Lawrence,28077,
OH,Lawrence,39087,
PA,Lawrence,42073,
SD,Lawrence,46081,
TN,Lawrence,47099,
OK,Le Flore,40079,
MN,Le Sueur,27079,
NM,Lea,35025,
MS,Leake,28079,
KS,Leavenworth,20103,
PA,Lebanon,42075,
AL,Lee,1081,
AR,Lee,5077,
FL,Lee,12071,
GA,Lee,13177,
IA,Lee,19111,
IL,Lee,17103,
KY,Lee,21129,
MS,Lee,28081,
NC,Lee,37105,
SC,Lee,45061,
TX,Lee,48287,
VA,Lee,51105,
MI,Leelanau,26089,
MS,Leflore,28083,
PA,Lehigh,42077,
ID,Lemhi,16059,
MI,Lenawee,26091,
NC,Lenoir,37107,
FL,Leon,12073,Tallahassee
TX,Leon,48289,
KY,Leslie,21131,
KY,Letcher,21133,
FL,Levy,12075,
ID,Lewis,16061,
KY,Lewis,21135,
MO,Lewis,29111,
NY,Lewis,36049,
TN,Lewis,47101,
WA,Lewis,53041,
WV,Lewis,54041,
MT,Lewis and Clark,30049,
SC,Lexington,45063,Columbia
VA,Lexington (city),51678,
FL,Liberty,12077,
GA,Liberty,13179,
MT,Liberty,30051,
TX,Liberty,48291,
OH,Licking,39089,
AL,Limestone,1083,
TX,Limestone,48293,
AR,Lincoln,5079,
CO,Lincoln,8073,
GA,Lincoln,13181,
ID,Lincoln,16063,
KS,Lincoln,20105,
KY,Lincoln,21137,
LA,Lincoln,22061,
ME,Lincoln,23015,
MN,Lincoln,27081,
MO,Lincoln,29113,
MS,Lincoln,28085,
MT,Lincoln,30053,
NC,Lincoln,37109,
NE,Lincoln,31111,
NM,Lincoln,35027,
NV,Lincoln,32017,
OK,Lincoln,40081,
OR,Lincoln,41041,
SD,Lincoln,46083,
TN,Lincoln,47103,
WA,Lincoln,53043,
WI,Lincoln,55069,
WV,Lincoln,54043,
WY,Lincoln,56023,
IA,Linn,19113,
KS,Linn,20107,
MO,Linn,29115,
OR,Linn,41043,
TX,Lipscomb,48295,
CT,Litchfield,9005,
AR,Little River,5081,
TX,Live Oak,48297,
IL,Livingston,17105,
KY,Livingston,21139,
LA,Livingston,22063,
MI,Livingston,26093,
MO,Livingston,29117,
NY,Livingston,36051,
TX,Llano,48299,
AR,Logan,5083,
CO,Logan,8075,
IL,Logan,17107,
KS,Logan,20109,
KY,Logan,21141,
ND,Logan,38047,
NE,Logan,31113,
OH,Logan,39091,
OK,Logan,40083,
WV,Logan,54045,
PR,Loiza,72087,
GA,Long,13183,
AR,Lonoke,5085,
OH,Lorain,39093,Cleveland
NM,Los Alamos,35028,
CA,Los Angeles,6037,Los Angeles
TN,Loudon,47105,
VA,Loudoun,51107,
IA,Louisa,19115,
VA,Louisa,51109,
NE,Loup,31115,
OK,Love,40085,
TX,Loving,48301,
AL,Lowndes,1085,
GA,Lowndes,13185,
MS,Lowndes,28087,
TX,Lubbock,48303,
IA,Lucas,19117,
OH,Lucas,39095,
MI,Luce,26095,
GA,Lumpkin,13187,
NM,Luna,35029,
VA,Lunenburg,51111,
PR,Luquillo,72089,
PA,Luzerne,42079,
PA,Lycoming,42081,
SD,Lyman,46085,
VA,Lynchburg (city),51680,
TX,Lynn,48305,
IA,Lyon,19119,
KS,Lyon,20111,
KY,Lyon,21143,
MN,Lyon,27083,
NV,Lyon,32019,
IA,Lyon County,19119,
MI,Mackinac,26097,
MI,Macomb,26099,Detroit-Ann Arbor
AL,Macon,1087,
GA,Macon,13193,
IL,Macon,17115,
MO,Macon,29121,
NC,Macon,37113,
TN,Macon,47111,
IL,Macoupin,17117,
CA,Madera,6039,
AL,Madison,1089,
AR,Madison,5087,
FL,Madison,12079,
GA,Madison,13195,
IA,Madison,19121,
ID,Madison,16065,
IL,Madison,17119,
IN,Madison,18095,
KY,Madison,21151,
LA,Madison,22065,
MO,Madison,29123,
MS,Madison,28089,
MT,Madison,30057,
NC,Madison,37115,
NE,Madison,31119,
NY,Madison,36053,
OH,Madison,39097,
TN,Madison,47113,
TX,Madison,48313,
VA,Madison,51113,
KY,Magoffin,21153,
IA,Mahaska,19123,
MN,Mahnomen,27087,
OH,Mahoning,39099,
OK,Major,40093,
OR,Malheur,41045,
VA,Manassas (city),51683,
VA,Manassas Park (city),51685,
FL,Manatee,12081,
PR,Manati,72091,
MI,Manistee,26101,
WI,Manitowoc,55071,
WI,Marathon,55073,
AL,Marengo,1091,
PR,Maricao,72093,
AZ,Maricopa,4013,Phoenix
MO,Maries,29125,
CA,Marin,6041,
WI,Marinette,55075,
AL,Marion,1093,
AR,Marion,5089,
FL,Marion,12083,
GA,Marion,13197,
IA,Marion,19125,
IL,Marion,17121,
IN,Marion,18097,Indianapolis
KS,Marion,20115,
KY,Marion,21155,
MO,Marion,29127,
MS,Marion,28091,
SC,Marion,45067,
OH,Marion,39101,
OR,Marion,41047,
TN,Marion,47115,
TX,Marion,48315,
WV,Marion,54049,
CA,Mariposa,6043,
SC,Marlboro,45069,
MI,Marquette,26103,
WI,Marquette,55077,
AL,Marshall,1095,
IA,Marshall,19127,
IL,Marshall,17123,
IN,Marshall,18099,
KS,Marshall,20117,
KY,Marshall,21157,
MN,Marshall,27089,
MS,Marshall,28093,
OK,Marshall,40095,
SD,Marshall,46091,
TN,Marshall,47117,
WV,Marshall,54051,
FL,Martin,12085,
IN,Martin,18101,
KY,Martin,21159,
MN,Martin,27091,
NC,Martin,37117,
TX,Martin,48317,
VA,Martinsville (city),51690,
IL,Mason,17125,
KY,Mason,21161,
MI,Mason,26105,
TX,Mason,48319,
WA,Mason,53045,
WA,Mason,53000,
WV,Mason,54053,
IL,Massac,17127,
TX,Matagorda,48321,
AK,Matanuska-Susitna,2170,
VA,Mathews,51115,
HI,Maui,15009,Kahului
PR,Maunabo,72095,
TN,Maury,47119,
TX,Maverick,48323,
PR,Mayaguez,72097,
OK,Mayes,40097,
OK,McClain,40087,
MT,McCone,30055,
SD,McCook,46087,
SC,McCormick,45065,
KY,McCracken,21145,
KY,McCreary,21147,
TX,McCulloch,48307,
OK,McCurtain,40089,
MO,McDonald,29119,
IL,McDonough,17109,
NC,McDowell,37111,
WV,McDowell,54047,
GA,McDuffie,13189,
IL,McHenry,17111,
ND,McHenry,38049,
GA,McIntosh,13191,
ND,McIntosh,38051,
OK,McIntosh,40091,
PA,McKean,42083,
ND,McKenzie,38053,
NM,McKinley,35031,
IL,McLean,17113,
KY,McLean,21149,
ND,McLean,38055,
TX,McLennan,48309,
MN,McLeod,27085,
TN,McMinn,47107,
TX,McMullen,48311,
TN,McNairy,47109,
KS,McPherson,20113,
NE,McPherson,31117,
SD,McPherson,46089,
KS,Meade,20119,
KY,Meade,21163,
SD,Meade,46093,
MT,Meagher,30059,
NC,Mecklenburg,37119,Charlotte
VA,Mecklenburg,51117,
MI,Mecosta,26107,
OH,Medina,39103,Cleveland
TX,Medina,48325,
MN,Meeker,27093,
OH,Meigs,39105,
TN,Meigs,47121,
SD,Mellette,46095,
IL,Menard,17129,
TX,Menard,48327,
CA,Mendocino,6045,
KY,Menifee,21165,
MI,Menominee,26109,
WI,Menominee,55078,
CA,Merced,6047,
IL,Mercer,17131,
KY,Mercer,21167,
MO,Mercer,29129,
ND,Mercer,38057,
NJ,Mercer,34021,Trenton
OH,Mercer,39107,
PA,Mercer,42085,
WV,Mercer,54055,
GA,Meriwether,13199,
NE,Merrick,31121,
NH,Merrimack,33013,
CO,Mesa,8077,
KY,Metcalfe,21169,
IN,Miami,18103,
KS,Miami,20121,
OH,Miami,39109,
FL,Miami-Dade,12086,Miami
CT,Middlesex,9007,
MA,Middlesex,25017,Boston
NJ,Middlesex,34023,New York-Newark
VA,Middlesex,51119,
MI,Midland,26111,
TX,Midland,48329,
PA,Mifflin,42087,
TX,Milam,48331,
UT,Millard,49027,
MN,Mille Lacs,27095,
AR,Miller,5091,
GA,Miller,13201,
MO,Miller,29131,
IA,Mills,19129,
TX,Mills,48333,
WI,Milwaukee,55079,Milwaukee
SD,Miner,46097,
CO,Mineral,8079,
MT,Mineral,30061,
NV,Mineral,32021,
WV,Mineral,54057,
WV,Mingo,54059,
ID,Minidoka,16067,
SD,Minnehaha,46099,
MI,Missaukee,26113,
AR,Mississippi,5093,
MO,Mississippi,29133,
MT,Missoula,30063,
GA,Mitchell,13205,
IA,Mitchell,19131,
KS,Mitchell,20123,
NC,Mitchell,37121,
TX,Mitchell,48335,
AL,Mobile,1097,Mobile
PR,Moca,72099,
CA,Modoc,6049,
CO,Moffat,8081,
AZ,Mohave,4015,
MO,Moniteau,29135,
NJ,Monmouth,34025,
CA,Mono,6051,
IA,Monona,19133,
WV,Monongalia,54061,
AL,Monroe,1099,
AR,Monroe,5095,
FL,Monroe,12087,
GA,Monroe,13207,
IA,Monroe,19135,
IL,Monroe,17133,
IN,Monroe,18105,
KY,Monroe,21171,
MI,Monroe,26115,
MO,Monroe,29137,
MS,Monroe,28095,
NY,Monroe,36055,Rochester
OH,Monroe,39111,
PA,Monroe,42089,
TN,Monroe,47123,
WI,Monroe,55081,
WV,Monroe,54063,
TX,Montague,48337,
MI,Montcalm,26117,
CA,Monterey,6053,
CO,Montezuma,8083,
AL,Montgomery,1101,Montgomery
AR,Montgomery,5097,
GA,Montgomery,13209,
IA,Montgomery,19137,
IL,Montgomery,17135,
IN,Montgomery,18107,
KS,Montgomery,20125,
KY,Montgomery,21173,
MO,Montgomery,29139,
MS,Montgomery,28097,
NC,Montgomery,37123,
NY,Montgomery,36057,
OH,Montgomery,39113,Dayton
PA,Montgomery,42091,
TN,Montgomery,47125,
TX,Montgomery,48339,
MD,Montgomery,24031,Washington DC
VA,Montgomery,51121,
MI,Montmorency,26119,
PA,Montour,42093,
CO,Montrose,8085,
SD,Moody,46101,
NC,Moore,37125,
TN,Moore,47127,
TX,Moore,48341,
NM,Mora,35033,
LA,Morehouse,22067,
AL,Morgan,1103,
CO,Morgan,8087,
GA,Morgan,13211,
IL,Morgan,17137,
IN,Morgan,18109,Indianapolis
KY,Morgan,21175,
MO,Morgan,29141,
OH,Morgan,39115,
TN,Morgan,47129,
UT,Morgan,49029,
WV,Morgan,54065,
PR,Morovis,72101,
NE,Morrill,31123,
KS,Morris,20127,
NJ,Morris,34027,
TX,Morris,48343,
MN,Morrison,27097,
OH,Morrow,39117,
OR,Morrow,41049,
KS,Morton,20129,
ND,Morton,38059,
TX,Motley,48345,
IL,Moultrie,17139,
ND,Mountrail,38061,
MN,Mower,27099,
KY,Muhlenberg,21177,
OR,Multnomah,41051,Portland
GA,Murray,13213,
MN,Murray,27101,
OK,Murray,40099,
IA,Muscatine,19139,
GA,Muscogee,13215,
MI,Muskegon,26121,
OH,Muskingum,39119,
OK,Muskogee,40101,
MT,Musselshell,30065,
TX,Nacogdoches,48347,
PR,Naguabo,72103,
NE,Nance,31125,
MA,Nantucket,25019,
CA,Napa,6055,
PR,Naranjito,72105,
NC,Nash,37127,
FL,Nassau,12089,
NY,Nassau,36059,
LA,Natchitoches,22069,
WY,Natrona,56025,
AZ,Navajo,4017,
TX,Navarro,48349,
KY,Nelson,21179,
ND,Nelson,38063,
VA,Nelson,51125,
KS,Nemaha,20131,
NE,Nemaha,31127,
KS,Neosho,20133,
MS,Neshoba,28099,
KS,Ness,20135,
AR,Nevada,5099,
CA,Nevada,6057,
DE,New Castle,10003,
NC,New Hanover,37129,
CT,New Haven,9009,New Haven
VA,New Kent,51127,
CT,New London,9011,
MO,New Madrid,29143,
NY,New York,36061,New York-Newark
MI,Newaygo,26123,
SC,Newberry,45071,
RI,Newport,44005,
VA,Newport News (city),51700,Norfolk-Virginia Beach
AR,Newton,5101,
GA,Newton,13217,
IN,Newton,18111,
MO,Newton,29145,
MS,Newton,28101,
TX,Newton,48351,
ID,Nez Perce,16069,
NY,Niagara,36063,Buffalo
KY,Nicholas,21181,
WV,Nicholas,54067,
MN,Nicollet,27103,
WY,Niobrara,56027,
IN,Noble,18113,
OH,Noble,39121,
OK,Noble,40103,
MN,Nobles,27105,
MO,Nodaway,29147,
TX,Nolan,48353,
AK,Nome,2180,
MA,Norfolk,25021,Boston
VA,Norfolk (city),51710,Norfolk-Virginia Beach
MN,Norman,27107,
AK,North Slope,2185,
PA,Northampton,42095,
NC,Northampton,37131,
VA,Northampton,51131,
PA,Northumberland,42097,
VA,Northumberland,51133,
AK,Northwest Arctic,2188,
KS,Norton,20137,
VA,Norton (city),51720,
VA,Nottoway,51135,
OK,Nowata,40105,
MS,Noxubee,28103,
NE,Nuckolls,31129,
TX,Nueces,48355,
NV,Nye,32023,
MI,Oakland,26125,Detroit-Ann Arbor
TN,Obion,47131,
IA,O'Brien,19141,
NJ,Ocean,34029,
MI,Oceana,26127,
TX,Ochiltree,48357,
GA,Oconee,13219,
SC,Oconee,45073,
WI,Oconto,55083,
MI,Ogemaw,26129,
IL,Ogle,17141,
GA,Oglethorpe,13221,
IN,Ohio,18115,
KY,Ohio,21183,
WV,Ohio,54069,
FL,Okaloosa,12091,
WA,Okanogan,53047,
FL,Okeechobee,12093,
OK,Okfuskee,40107,
OK,Oklahoma,40109,Oklahoma City
OK,Okmulgee,40111,
MS,Oktibbeha,28105,
KY,Oldham,21185,
TX,Oldham,48359,
ND,Oliver,38065,
MN,Olmsted,27109,
ID,Oneida,16071,
NY,Oneida,36065,
WI,Oneida,55085,
NY,Onondaga,36067,Syracuse
NC,Onslow,37133,
NY,Ontario,36069,
MI,Ontonagon,26131,
CA,Orange,6059,Los Angeles
FL,Orange,12095,Orlando
IN,Orange,18117,
NY,Orange,36071,
NC,Orange,37135,
TX,Orange,48361,
VA,Orange,51137,
VT,Orange,50017,
SC,Orangeburg,45075,
MO,Oregon,29149,
LA,Orleans,22071,New Orleans
NY,Orleans,36073,
VT,Orleans,50019,
PR,Orocovis,72107,
KS,Osage,20139,
MO,Osage,29151,
OK,Osage,40113,
KS,Osborne,20141,
FL,Osceola,12097,
IA,Osceola,19143,
MI,Osceola,26133,
MI,Oscoda,26135,
NY,Oswego,36075,
CO,Otero,8089,
NM,Otero,35035,
NE,Otoe,31131,
MI,Otsego,26137,
NY,Otsego,36077,
KS,Ottawa,20143,
MI,Ottawa,26139,
OH,Ottawa,39123,
OH,Ottawa,39000,
OK,Ottawa,40115,
MN,Otter Tail,27111,
AR,Ouachita,5103,
LA,Ouachita,22073,
CO,Ouray,8091,
WI,Outagamie,55087,
TN,Overton,47133,
IN,Owen,18119,
KY,Owen,21187,
KY,Owsley,21189,
ID,Owyhee,16073,
ME,Oxford,23017,
MO,Ozark,29153,
WI,Ozaukee,55089,
WA,Pacific,53049,
IA,Page,19145,
VA,Page,51139,
FL,Palm Beach,12099,Miami
IA,Palo Alto,19147,
TX,Palo Pinto,48363,
NC,Pamlico,37137,
MS,Panola,28107,
TX,Panola,48365,
CO,Park,8093,
MT,Park,30067,
WY,Park,56029,
IN,Parke,18121,
TX,Parker,48367,
TX,Parmer,48369,
FL,Pasco,12101,
NC,Pasquotank,37139,
NJ,Passaic,34031,
PR,Patillas,72109,
VA,Patrick,51141,
GA,Paulding,13223,
OH,Paulding,39125,
KS,Pawnee,20145,
NE,Pawnee,31133,
OK,Pawnee,40117,
ID,Payette,16075,
OK,Payne,40119,
GA,Peach,13225,
MS,Pearl River,28109,
TX,Pecos,48371,
ND,Pembina,38067,
MO,Pemiscot,29155,
WA,Pend Oreille,53051,
NC,Pender,37141,
KY,Pendleton,21191,
WV,Pendleton,54071,
MN,Pennington,27113,
SD,Pennington,46103,
ME,Penobscot,23019,
PR,Penuelas,72111,
IL,Peoria,17143,
WI,Pepin,55091,
NE,Perkins,31135,
SD,Perkins,46105,
NC,Perquimans,37143,
AL,Perry,1105,
AR,Perry,5105,
IL,Perry,17145,
IN,Perry,18123,
KY,Perry,21193,
MO,Perry,29157,
MS,Perry,28111,
OH,Perry,39127,
PA,Perry,42099,
TN,Perry,47135,
NV,Pershing,32027,
NC,Person,37145,
VA,Petersburg (city),51730,
MT,Petroleum,30069,
MO,Pettis,29159,
MO,Phelps,29161,
NE,Phelps,31137,
PA,Philadelphia,42101,Philadelphia
AR,Phillips,5107,
CO,Phillips,8095,
KS,Phillips,20147,
MT,Phillips,30071,
IL,Piatt,17147,
OH,Pickaway,39129,
AL,Pickens,1107,
GA,Pickens,13227,
SC,Pickens,45077,
TN,Pickett,47137,
GA,Pierce,13229,
ND,Pierce,38069,
NE,Pierce,31139,
WA,Pierce,53053,Seattle
WA,Pierce,53000,Seattle
WI,Pierce,55093,
AL,Pike,1109,
AR,Pike,5109,
GA,Pike,13231,
IL,Pike,17149,
IN,Pike,18125,
KY,Pike,21195,
MO,Pike,29163,
MS,Pike,28113,
OH,Pike,39131,
PA,Pike,42103,
AZ,Pima,4019,
AZ,Pinal,4021,Phoenix
MN,Pine,27115,
FL,Pinellas,12103,Tampa
MN,Pipestone,27117,
ME,Piscataquis,23021,
CO,Pitkin,8097,
NC,Pitt,37147,
OK,Pittsburg,40121,
VA,Pittsylvania,51143,
UT,Piute,49031,
CA,Placer,6061,Sacremento
LA,Plaquemines,22075,
MO,Platte,29165,
NE,Platte,31141,
WY,Platte,56031,
WV,Pleasants,54073,
CA,Plumas,6063,
IA,Plymouth,19149,
MA,Plymouth,25023,
IA,Pocahontas,19151,
WV,Pocahontas,54075,
AR,Poinsett,5111,
LA,Pointe Coupee,22077,
AR,Polk,5113,
FL,Polk,12105,
GA,Polk,13233,
IA,Polk,19153,Des Moines
MN,Polk,27119,
MO,Polk,29167,
NE,Polk,31143,
OR,Polk,41053,
NC,Polk,37149,
TN,Polk,47139,
TX,Polk,48373,
WI,Polk,55095,
PR,Ponce,72113,
MT,Pondera,30073,
MS,Pontotoc,28115,
OK,Pontotoc,40123,
AR,Pope,5115,
IL,Pope,17151,
MN,Pope,27121,
VA,Poquoson (city),51735,
OH,Portage,39133,
WI,Portage,55097,
IN,Porter,18127,
VA,Portsmouth (city),51740,Norfolk-Virginia Beach
IN,Posey,18129,
KS,Pottawatomie,20149,
OK,Pottawatomie,40125,
IA,Pottawattamie,19155,
PA,Potter,42105,
SD,Potter,46107,
TX,Potter,48375,
MT,Powder River,30075,
KY,Powell,21197,
MT,Powell,30077,
ID,Power,16077,
IA,Poweshiek,19157,
VA,Powhatan,51145,
AR,Prairie,5117,
MT,Prairie,30079,
KS,Pratt,20151,
OH,Preble,39135,
MS,Prentiss,28117,
TX,Presidio,48377,
MI,Presque Isle,26141,
WV,Preston,54077,
WI,Price,55099,
VA,Prince Edward,51147,
VA,Prince George,51149,
MD,Prince George's,24033,Washington DC
AK,Prince of Wales-Hyder (CA),2198,
AK,Prince of Wales-Outer Ketchikan,2201,
VA,Prince William,51153,
RI,Providence,44007,
CO,Prowers,8099,
CO,Pueblo,8101,
AR,Pulaski,5119,Little Rock
GA,Pulaski,13235,
IL,Pulaski,17153,
IN,Pulaski,18131,
KY,Pulaski,21199,
MO,Pulaski,29169,
VA,Pulaski,51155,
OK,Pushmataha,40127,
FL,Putnam,12107,
GA,Putnam,13237,
IL,Putnam,17155,
IN,Putnam,18133,
MO,Putnam,29171,
NY,Putnam,36079,
OH,Putnam,39137,
TN,Putnam,47141,
WV,Putnam,54079,
NM,Quay,35037,
PR,Quebradillas,72115,
MD,Queen Anne's,24035,
NY,Queens County,36081,New York-Newark
GA,Quitman,13239,
MS,Quitman,28119,
GA,Rabun,13241,
WI,Racine,55101,
VA,Radford (city),51750,
TX,Rains,48379,
WV,Raleigh,54081,
MO,Ralls,29173,
MN,Ramsey,27123,Minneapolis-St.Paul
ND,Ramsey,38071,
TX,Randall,48381,
AL,Randolph,1111,
AR,Randolph,5121,
GA,Randolph,13243,
IL,Randolph,17157,
IN,Randolph,18135,
MO,Randolph,29175,
NC,Randolph,37151,
WV,Randolph,54083,
MS,Rankin,28121,
ND,Ransom,38073,
LA,Rapides,22079,
VA,Rappahannock,51157,
MT,Ravalli,30081,
KS,Rawlins,20153,
MO,Ray,29177,
TX,Reagan,48383,
TX,Real,48385,
MN,Red Lake,27125,
LA,Red River,22081,
TX,Red River,48387,
NE,Red Willow,31145,
MN,Redwood,27127,
TX,Reeves,48389,
TX,Refugio,48391,
KS,Reno,20155,
NY,Rensselaer,36083,
MN,Renville,27129,
ND,Renville,38075,
KS,Republic,20157,
MO,Reynolds,29179,
TN,Rhea,47143,
KS,Rice,20159,
MN,Rice,27131,
UT,Rich,49033,
NE,Richardson,31147,
IL,Richland,17159,
LA,Richland,22083,
MT,Richland,30083,
ND,Richland,38077,
OH,Richland,39139,
SC,Richland,45079,Columbia
WI,Richland,55103,
GA,Richmond,13245,
NC,Richmond,37153,
VA,Richmond,51159,Richmond
VA,Richmond (city),51760,Richmond
NY,Richmond County,36085,New York-Newark
KS,Riley,20161,
PR,Rincon,72117,
IA,Ringgold,19159,
NM,Rio Arriba,35039,
CO,Rio Blanco,8103,
CO,Rio Grande,8105,
PR,Rio Grande,72119,
IN,Ripley,18137,
MO,Ripley,29181,
WV,Ritchie,54085,
CA,Riverside,6065,
TN,Roane,47145,
WV,Roane,54087,
VA,Roanoke,51161,
VA,Roanoke (city),51770,
SD,Roberts,46109,
TX,Roberts,48393,
KY,Robertson,21201,
TN,Robertson,47147,
TX,Robertson,48395,
NC,Robeson,37155,
MN,Rock,27133,
NE,Rock,31149,
WI,Rock,55105,
IL,Rock Island,17161,
VA,Rockbridge,51163,
KY,Rockcastle,21203,
GA,Rockdale,13247,
NH,Rockingham,33015,
NC,Rockingham,37157,
VA,Rockingham,51165,
NY,Rockland,36087,
TX,Rockwall,48397,Dallas
OK,Roger Mills,40129,
OK,Rogers,40131,
ND,Rolette,38079,
KS,Rooks,20163,
MT,Roosevelt,30085,
NM,Roosevelt,35041,
MI,Roscommon,26143,
MN,Roseau,27135,
MT,Rosebud,30087,
OH,Ross,39141,
CO,Routt,8107,
KY,Rowan,21205,
NC,Rowan,37159,
TX,Runnels,48399,
IN,Rush,18139,
KS,Rush,20165,
TX,Rusk,48401,
WI,Rusk,55107,
AL,Russell,1113,
KS,Russell,20167,
KY,Russell,21207,
VA,Russell,51167,
NC,Rutherford,37161,
TN,Rutherford,47149,
VT,Rutland,50021,
PR,Sabana Grande,72121,
LA,Sabine,22085,
TX,Sabine,48403,
IA,Sac,19161,
CA,Sacramento,6067,Sacremento
ME,Sagadahoc,23023,
MI,Saginaw,26145,
CO,Saguache,8109,
LA,Saint Bernard,22087,
LA,Saint Charles,22089,
MO,Saint Charles,29183,
AL,Saint Clair,1115,
IL,Saint Clair,17163,
MI,Saint Clair,26147,
MO,Saint Clair,29185,
VI,Saint Croix,78010,
WI,Saint Croix,55109,
AR,Saint Francis,5123,
MO,Saint Francois,29187,
LA,Saint Helena,22091,
LA,Saint James,22093,
VI,Saint John,78020,
LA,Saint John the Baptist,22095,
FL,Saint Johns,12109,
IN,Saint Joseph,18141,
MI,Saint Joseph,26149,
LA,Saint Landry,22097,
NY,Saint Lawrence,36089,
MN,Saint Louis,27137,
MO,Saint Louis,29189,St. Louis
FL,Saint Lucie,12111,
LA,Saint Martin,22099,
LA,Saint Mary,22101,
MD,Saint Mary's,24037,
LA,Saint Tammany,22103,
VI,Saint Thomas,78030,
MO,Sainte Genevieve,29186,
NJ,Salem,34033,
VA,Salem (city),51775,
PR,Salinas,72123,
AR,Saline,5125,
IL,Saline,17165,
KS,Saline,20169,
MO,Saline,29195,
NE,Saline,31151,
UT,Salt Lake,49035,
SC,Saluda,45081,
NC,Sampson,37163,
TX,San Augustine,48405,
CA,San Benito,6069,
CA,San Bernardino,6071,
CA,San Diego,6073,San Diego
CA,San Francisco,6075,SF Bay Area
PR,San German,72125,
TX,San Jacinto,48407,
CA,San Joaquin,6077,
CO,San Juan,8111,
NM,San Juan,35045,
PR,San Juan,72127,
UT,San Juan,49037,
WA,San Juan,53055,
WA,San Juan,53000,
PR,San Lorenzo,72129,
CA,San Luis Obispo,6079,
CA,San Mateo,6081,SF Bay Area
CO,San Miguel,8113,
NM,San Miguel,35047,
TX,San Patricio,48409,
TX,San Saba,48411,
PR,San Sebastian,72131,
SD,Sanborn,46111,
MT,Sanders,30089,
NM,Sandoval,35043,
OH,Sandusky,39143,
IL,Sangamon,17167,
MI,Sanilac,26151,
UT,Sanpete,49039,
CA,Santa Barbara,6083,
CA,Santa Clara,6085,SF Bay Area
AZ,Santa Cruz,4023,
CA,Santa Cruz,6087,
NM,Santa Fe,35049,
PR,Santa Isabel,72133,
FL,Santa Rosa,12113,
FL,Sarasota,12115,
NY,Saratoga,36091,
ND,Sargent,38081,
NE,Sarpy,31153,
WI,Sauk,55111,
NE,Saunders,31155,
WI,Sawyer,55113,
NY,Schenectady,36093,
TX,Schleicher,48413,
GA,Schley,13249,
NY,Schoharie,36095,
MI,Schoolcraft,26153,
IL,Schuyler,17169,
MO,Schuyler,29197,
NY,Schuyler,36097,
PA,Schuylkill,42107,
OH,Scioto,39145,
MO,Scotland,29199,
NC,Scotland,37165,
AR,Scott,5127,
IA,Scott,19163,
IL,Scott,17171,
IN,Scott,18143,
KS,Scott,20171,
KY,Scott,21209,
MN,Scott,27139,
MO,Scott,29201,
MS,Scott,28123,
TN,Scott,47151,
VA,Scott,51169,
NE,Scotts Bluff,31157,
GA,Screven,13251,
TX,Scurry,48415,
AR,Searcy,5129,
AR,Sebastian,5131,
CO,Sedgwick,8115,
KS,Sedgwick,20173,
FL,Seminole,12117,Orlando
GA,Seminole,13253,
OK,Seminole,40133,
NY,Seneca,36099,
OH,Seneca,39147,
TN,Sequatchie,47153,
OK,Sequoyah,40135,
AR,Sevier,5133,
TN,Sevier,47155,
UT,Sevier,49041,
KS,Seward,20175,
NE,Seward,31159,
TX,Shackelford,48417,
MO,Shannon,29203,
SD,Shannon,46113,
MS,Sharkey,28125,
AR,Sharp,5135,
CA,Shasta,6089,
WI,Shawano,55115,
KS,Shawnee,20177,
WI,Sheboygan,55117,
AL,Shelby,1117,
IA,Shelby,19165,
IL,Shelby,17173,
IN,Shelby,18145,Indianapolis
KY,Shelby,21211,
MO,Shelby,29205,
OH,Shelby,39149,
TN,Shelby,47157,Memphis
TX,Shelby,48419,
VA,Shenandoah,51171,
MN,Sherburne,27141,
KS,Sheridan,20179,
MT,Sheridan,30091,
ND,Sheridan,38083,
NE,Sheridan,31161,
WY,Sheridan,56033,
KS,Sherman,20181,
NE,Sherman,31163,
OR,Sherman,41055,
TX,Sherman,48421,
MI,Shiawassee,26155,
ID,Shoshone,16079,
MN,Sibley,27143,
CA,Sierra,6091,
NM,Sierra,35051,
MT,Silver Bow,30093,
KY,Simpson,21213,
MS,Simpson,28127,
IA,Sioux,19167,
ND,Sioux,38085,
NE,Sioux,31165,
CA,Siskiyou,6093,
AK,Sitka City and,2220,
WA,Skagit,53057,
AK,Skagway-Hoonah-Angoon,2232,
WA,Skamania,53059,
ND,Slope,38087,
KS,Smith,20183,
MS,Smith,28129,
TN,Smith,47159,
TX,Smith,48423,
VA,Smyth,51173,
WA,Snohomish,53061,Seattle
PA,Snyder,42109,
NM,Socorro,35053,
CA,Solano,6095,
ME,Somerset,23025,
NJ,Somerset,34035,
PA,Somerset,42111,
MD,Somerset,24039,
TX,Somervell,48425,
CA,Sonoma,6097,
VA,Southampton,51175,
AK,Southeast Fairbanks,2240,
GA,Spalding,13255,
SC,Spartanburg,45083,
IN,Spencer,18147,
KY,Spencer,21215,
SD,Spink,46115,
WA,Spokane,53063,
VA,Spotsylvania,51177,
MO,St. Louis (city),29510,St. Louis
KS,Stafford,20185,
VA,Stafford,51179,
CA,Stanislaus,6099,
SD,Stanley,46117,
NC,Stanly,37167,
KS,Stanton,20187,
NE,Stanton,31167,
IL,Stark,17175,
ND,Stark,38089,
OH,Stark,39151,
IN,Starke,18149,
TX,Starr,48427,
VA,Staunton (city),51790,
MO,Ste. Genevieve,29186,
MN,Stearns,27145,
MN,Steele,27147,
ND,Steele,38091,
GA,Stephens,13257,
OK,Stephens,40137,
TX,Stephens,48429,
IL,Stephenson,17177,
TX,Sterling,48431,
IN,Steuben,18151,
NY,Steuben,36101,
KS,Stevens,20189,
MN,Stevens,27149,
WA,Stevens,53065,
GA,Stewart,13259,
TN,Stewart,47161,
MT,Stillwater,30095,
MO,Stoddard,29207,
NC,Stokes,37169,
AR,Stone,5137,
MO,Stone,29209,
MS,Stone,28131,
TX,Stonewall,48433,
NV,Storey,32029,
IA,Story,19169,
NH,Strafford,33017,
ND,Stutsman,38093,
WY,Sublette,56035,
MA,Suffolk,25025,Boston
NY,Suffolk,36103,
VA,Suffolk (city),51800,
IN,Sullivan,18153,
MO,Sullivan,29211,
NH,Sullivan,33019,
NY,Sullivan,36105,
PA,Sullivan,42113,
TN,Sullivan,47163,
SD,Sully,46119,
WV,Summers,54089,
CO,Summit,8117,
OH,Summit,39153,Cleveland
UT,Summit,49043,
KS,Sumner,20191,
TN,Sumner,47165,
AL,Sumter,1119,
FL,Sumter,12119,
GA,Sumter,13261,
SC,Sumter,45085,
MS,Sunflower,28133,
NC,Surry,37171,
VA,Surry,51181,
PA,Susquehanna,42115,
DE,Sussex,10005,
NJ,Sussex,34037,
VA,Sussex,51183,
CA,Sutter,6101,
TX,Sutton,48435,
FL,Suwannee,12121,
NC,Swain,37173,
MT,Sweet Grass,30097,
WY,Sweetwater,56037,
MN,Swift,27151,
TX,Swisher,48437,
IN,Switzerland,18155,
GA,Talbot,13263,
MD,Talbot,24041,
GA,Taliaferro,13265,
AL,Talladega,1121,
MS,Tallahatchie,28135,
AL,Tallapoosa,1123,
IA,Tama,19171,
MO,Taney,29213,
LA,Tangipahoa,22105,
NM,Taos,35055,
TX,Tarrant,48439,Dallas
MS,Tate,28137,
GA,Tattnall,13267,
FL,Taylor,12123,
GA,Taylor,13269,
IA,Taylor,19173,
KY,Taylor,21217,
TX,Taylor,48441,
WI,Taylor,55119,
WV,Taylor,54091,
IL,Tazewell,17179,
VA,Tazewell,51185,
CA,Tehama,6103,
GA,Telfair,13271,
CO,Teller,8119,
LA,Tensas,22107,
LA,Terrebonne,22109,
GA,Terrell,13273,
TX,Terrell,48443,
TX,Terry,48445,
ID,Teton,16081,
MT,Teton,30099,
WY,Teton,56039,
MO,Texas,29215,
OK,Texas,40139,
NE,Thayer,31169,
GA,Thomas,13275,
KS,Thomas,20193,
NE,Thomas,31171,
TX,Throckmorton,48447,
NE,Thurston,31173,
WA,Thurston,53067,
GA,Tift,13277,
OR,Tillamook,41057,
OK,Tillman,40141,
NY,Tioga,36107,
PA,Tioga,42117,
MS,Tippah,28139,
IN,Tippecanoe,18157,
IN,Tipton,18159,
TN,Tipton,47167,
MS,Tishomingo,28141,
TX,Titus,48449,
PR,Toa Alta,72135,
PR,Toa Baja,72137,
KY,Todd,21219,
MN,Todd,27153,
SD,Todd,46121,
CT,Tolland,9013,
TX,Tom Green,48451,
NY,Tompkins,36109,
UT,Tooele,49045,
MT,Toole,30101,
GA,Toombs,13279,
NM,Torrance,35057,
ND,Towner,38095,
GA,Towns,13281,
ND,Traill,38097,
NC,Transylvania,37175,
MN,Traverse,27155,
TX,Travis,48453,Austin
MT,Treasure,30103,
KS,Trego,20195,
WI,Trempealeau,55121,
GA,Treutlen,13283,
KY,Trigg,21221,
KY,Trimble,21223,
CA,Trinity,6105,
TX,Trinity,48455,
SD,Tripp,46123,
GA,Troup,13285,
TN,Trousdale,47169,
PR,Trujillo Alto,72139,
OH,Trumbull,39155,
WV,Tucker,54093,
CA,Tulare,6107,
OK,Tulsa,40143,Tulsa
MS,Tunica,28143,
CA,Tuolumne,6109,
GA,Turner,13287,
SD,Turner,46125,
AL,Tuscaloosa,1125,
OH,Tuscarawas,39157,
MI,Tuscola,26157,
GA,Twiggs,13289,
ID,Twin Falls,16083,
TX,Tyler,48457,
WV,Tyler,54095,
NC,Tyrrell,37177,
WY,Uinta,56041,
UT,Uintah,49047,
NY,Ulster,36111,
OR,Umatilla,41059,
TN,Unicoi,47171,
AR,Union,5139,
FL,Union,12125,
GA,Union,13291,
IA,Union,19175,
IL,Union,17181,
IN,Union,18161,
KY,Union,21225,
LA,Union,22111,
MS,Union,28145,
NM,Union,35059,
NJ,Union,34039,New York-Newark
OH,Union,39159,
OR,Union,41061,
PA,Union,42119,
NC,Union,37179,
SC,Union,45087,
SD,Union,46127,
TN,Union,47173,
TX,Upshur,48459,
WV,Upshur,54097,
GA,Upson,13293,
TX,Upton,48461,
UT,Utah,49049,
PR,Utuado,72141,
TX,Uvalde,48463,
TX,Val Verde,48465,
AK,Valdez-Cordova,2261,
AK,Valdez-Cordova (CA),2261,
NM,Valencia,35061,
ID,Valley,16085,
MT,Valley,30105,
NE,Valley,31175,
AR,Van Buren,5141,
IA,Van Buren,19177,
MI,Van Buren,26159,
TN,Van Buren,47175,
OH,Van Wert,39161,
TX,Van Zandt,48467,
NC,Vance,37181,
IN,Vanderburgh,18163,
PR,Vega Alta,72143,
PR,Vega Baja,72145,
PA,Venango,42121,
CA,Ventura,6111,
IL,Vermilion,17183,
LA,Vermilion,22113,
IN,Vermillion,18165,
LA,Vernon,22115,
MO,Vernon,29217,
WI,Vernon,55123,
TX,Victoria,48469,
PR,Vieques,72147,
IN,Vigo,18167,
WI,Vilas,55125,
PR,Villalba,72149,
OH,Vinton,39163,
VA,Virginia Beach (city),51810,Norfolk-Virginia Beach
FL,Volusia,12127,
IL,Wabash,17185,
IN,Wabash,18169,
MN,Wabasha,27157,
KS,Wabaunsee,20197,
AK,Wade Hampton,2270,
MN,Wadena,27159,
OK,Wagoner,40145,
WA,Wahkiakum,53069,
NC,Wake,37183,Raleigh-Durham
FL,Wakulla,12129,
ME,Waldo,23027,
AL,Walker,1127,
GA,Walker,13295,
TX,Walker,48471,
WA,Walla Walla,53071,
KS,Wallace,20199,
TX,Waller,48473,
OR,Wallowa,41063,
ND,Walsh,38099,
MS,Walthall,28147,
FL,Walton,12131,
GA,Walton,13297,
SD,Walworth,46129,
WI,Walworth,55127,
IA,Wapello,19179,
ND,Ward,38101,
TX,Ward,48475,
GA,Ware,13299,
GA,Warren,13301,
IA,Warren,19181,
IL,Warren,17187,
IN,Warren,18171,
KY,Warren,21227,
MO,Warren,29219,
MS,Warren,28149,
NJ,Warren,34041,
NY,Warren,36113,
OH,Warren,39165,
PA,Warren,42123,
NC,Warren,37185,
TN,Warren,47177,
VA,Warren,51187,
IN,Warrick,18173,
UT,Wasatch,49051,
OR,Wasco,41065,
MN,Waseca,27161,
WY,Washakie,56043,
WI,Washburn,55129,
AL,Washington,1129,
AR,Washington,5143,
CO,Washington,8121,
FL,Washington,12133,
GA,Washington,13303,
IA,Washington,19183,
ID,Washington,16087,
IL,Washington,17189,
IN,Washington,18175,
KS,Washington,20201,
KY,Washington,21229,
LA,Washington,22117,
ME,Washington,23029,
MN,Washington,27163,
MO,Washington,29221,
MS,Washington,28151,
NE,Washington,31177,
NY,Washington,36115,
OH,Washington,39167,
OK,Washington,40147,
OR,Washington,41067,
PA,Washington,42125,
RI,Washington,44009,
NC,Washington,37187,
TN,Washington,47179,
TX,Washington,48477,
UT,Washington,49053,
MD,Washington,24043,
VA,Washington,51191,
VT,Washington,50023,
WI,Washington,55131,
OK,Washita,40149,
NV,Washoe,32031,
MI,Washtenaw,26161,Detroit-Ann Arbor
NC,Watauga,37189,
MN,Watonwan,27165,
WI,Waukesha,55133,Milwaukee
WI,Waupaca,55135,
WI,Waushara,55137,
GA,Wayne,13305,
IA,Wayne,19185,
IL,Wayne,17191,
IN,Wayne,18177,
KY,Wayne,21231,
MI,Wayne,26163,Detroit-Ann Arbor
MO,Wayne,29223,
MS,Wayne,28153,
NE,Wayne,31179,
NY,Wayne,36117,
OH,Wayne,39169,
PA,Wayne,42127,
NC,Wayne,37191,
TN,Wayne,47181,
UT,Wayne,49055,
WV,Wayne,54099,
VA,Waynesboro (city),51820,
TN,Weakley,47183,
TX,Webb,48479,
UT,Weber,49057,
GA,Webster,13307,
IA,Webster,19187,
KY,Webster,21233,
LA,Webster,22119,
MO,Webster,29225,
MS,Webster,28155,
NE,Webster,31181,
WV,Webster,54101,
CO,Weld,8123,
IN,Wells,18179,
ND,Wells,38103,
LA,West Baton Rouge,22121,
LA,West Carroll,22123,
LA,West Feliciana,22125,
NY,Westchester,36119,New York-Newark
PA,Westmoreland,42129,
VA,Westmoreland,51193,
WY,Weston,56045,
WV,Wetzel,54103,
MI,Wexford,26165,
TX,Wharton,48481,
WA,Whatcom,53073,
MT,Wheatland,30107,
GA,Wheeler,13309,
NE,Wheeler,31183,
OR,Wheeler,41069,
TX,Wheeler,48483,
AR,White,5145,
GA,White,13311,
IL,White,17193,
IN,White,18181,
TN,White,47185,
NV,White Pine,32033,
IL,Whiteside,17195,
GA,Whitfield,13313,
IN,Whitley,18183,
KY,Whitley,21235,
WA,Whitman,53075,
MT,Wibaux,30109,
KS,Wichita,20203,
TX,Wichita,48485,
MD,Wicomico,24045,
TX,Wilbarger,48487,
AL,Wilcox,1131,
GA,Wilcox,13315,
GA,Wilkes,13317,
NC,Wilkes,37193,
MN,Wilkin,27167,
GA,Wilkinson,13319,
MS,Wilkinson,28157,
IL,Will,17197,Chicago
TX,Willacy,48489,
ND,Williams,38105,
OH,Williams,39171,
SC,Williamsburg,45089,
VA,Williamsburg (city),51830,
IL,Williamson,17199,
TN,Williamson,47187,
TX,Williamson,48491,Austin
KS,Wilson,20205,
NC,Wilson,37195,
TN,Wilson,47189,
TX,Wilson,48493,
VA,Winchester (city),51840,
CT,Windham,9015,
VT,Windham,50025,
VT,Windsor,50027,
TX,Winkler,48495,
LA,Winn,22127,
IA,Winnebago,19189,
IL,Winnebago,17201,
WI,Winnebago,55139,
IA,Winneshiek,19191,
MN,Winona,27169,
AL,Winston,1133,
MS,Winston,28159,
WV,Wirt,54105,
TX,Wise,48497,
VA,Wise,51195,
KY,Wolfe,21237,
OH,Wood,39173,
TX,Wood,48499,
WI,Wood,55141,
WV,Wood,54107,
IA,Woodbury,19193,
IL,Woodford,17203,
KY,Woodford,21239,
AR,Woodruff,5147,
OK,Woods,40151,
KS,Woodson,20207,
OK,Woodward,40153,
MA,Worcester,25027,
MD,Worcester,24047,
GA,Worth,13321,
IA,Worth,19195,
MO,Worth,29227,
AK,Wrangell,2275,
AK,Wrangell-Petersburg,2280,
IA,Wright,19197,
MN,Wright,27171,
MO,Wright,29229,
OH,Wyandot,39175,
KS,Wyandotte,20209,Kansas City
NY,Wyoming,36121,
PA,Wyoming,42131,
WV,Wyoming,54109,
VA,Wythe,51197,
PR,Yabucoa,72151,
NC,Yadkin,37197,
WA,Yakima,53077,
AK,Yakutat City and,2282,
MS,Yalobusha,28161,
OR,Yamhill,41071,
NC,Yancey,37199,
SD,Yankton,46135,
NY,Yates,36123,
PR,Yauco,72153,
AZ,Yavapai,4025,
MS,Yazoo,28163,
AR,Yell,5149,
MN,Yellow Medicine,27173,
MT,Yellowstone,30111,
TX,Yoakum,48501,
CA,Yolo,6113,Sacremento
ME,York,23031,
NE,York,31185,
PA,York,42133,
SC,York,45091,
VA,York,51199,
TX,Young,48503,
CA,Yuba,6115,
AK,Yukon-Koyukuk,2290,
AZ,Yuma,4027,
CO,Yuma,8125,
TX,Zapata,48505,
TX,Zavala,48507,
SD,Ziebach,46137,
